# The kernel's own messages (its errors: requests, payload checks, GM rule values), registered by the i18n
# plugin as "kernel.<key>". Columns: key, English, then one per locale.
key,en,zh-CN
"Too many simultaneous changes, please retry","Too many simultaneous changes, please retry","同时操作过多，请重试"
"Request body must be valid JSON","Request body must be valid JSON","请求体必须是有效的 JSON"
"Unknown command ""{0}""","Unknown command ""{0}""","未知命令""{0}"""
"Unknown report ""{0}""","Unknown report ""{0}""","未知报表""{0}"""
"Unknown config key ""{0}""","Unknown config key ""{0}""","未知规则""{0}"""
"Expected a number between {0} and {1}","Expected a number between {0} and {1}","应为 {0} 到 {1} 之间的数字"
"Expected an object","Expected an object","应为对象"
"Expected an object of numbers","Expected an object of numbers","应为数值组成的对象"
"Unknown id ""{0}"" (known: {1})","Unknown id ""{0}"" (known: {1})","未知 id""{0}""（可用：{1}）"
"Unknown field ""{0}"" (known: {1})","Unknown field ""{0}"" (known: {1})","未知字段""{0}""（可用：{1}）"
"""{0}"": {1}","""{0}"": {1}","""{0}""：{1}"
"{0} is required","{0} is required","缺少 {0}"
"{0} must be an id","{0} must be an id","{0} 必须是 id"
"{0}: {1}-{2} characters","{0}: {1}-{2} characters","{0}：{1}–{2} 个字符"
"{0} must be a whole number from {1} to {2}","{0} must be a whole number from {1} to {2}","{0} 必须是 {1} 到 {2} 之间的整数"
"{0} must be a number from {1} to {2}","{0} must be a number from {1} to {2}","{0} 必须是 {1} 到 {2} 之间的数字"
"{0} must be true or false","{0} must be true or false","{0} 必须是 true 或 false"
"{0} must be one of: {1}","{0} must be one of: {1}","{0} 必须是以下之一：{1}"
"{0} must be a list of {1}-{2} items","{0} must be a list of {1}-{2} items","{0} 必须是 {1}–{2} 项的列表"
"{0} must be an object","{0} must be an object","{0} 必须是对象"
"{0}: at most {1} entries","{0}: at most {1} entries","{0}：最多 {1} 项"
"{0} is unknown","{0} is unknown","未知的 {0}"
"The payload must be an object","The payload must be an object","请求内容必须是对象"
rule:engine.maxOfflineSeconds,Offline catch-up limit in seconds: production beyond it is lost.,离线结算的上限（秒）。超过这段时间的离线产出作废。
