# Equipment bases by slot and tier (§10.2). Tier = which realms drop it: realms 1-2 tier 1, 3-4 tier 2...
# stats ("key:n; ..."): adv.attack / adv.defense / adv.hp / adv.recovery (adventure numbers; recovery in % points),
# battle.attack / battle.defense (% when the wearer leads an army or defends). Rolled x rarity, +-variance.
id,name,slot,tier,icon,stats
pudao,Pudao,weapon,1,🗡️,adv.attack:30; battle.attack:2
ring-sabre,Ring-pommel Sabre,weapon,2,🗡️,adv.attack:60; battle.attack:3
iron-spear,Wrought Iron Spear,weapon,3,🔱,adv.attack:120; battle.attack:4.5
crescent-blade,Green Dragon Crescent Blade,weapon,4,⚔️,adv.attack:240; battle.attack:6.5
sky-halberd,Sky-Piercing Halberd,weapon,5,⚔️,adv.attack:480; battle.attack:10
leather-helm,Leather Helm,helm,1,⛑️,adv.defense:15; adv.hp:80
iron-helm,Iron Helm,helm,2,⛑️,adv.defense:30; adv.hp:160
phoenix-helm,Phoenix-wing Helm,helm,3,⛑️,adv.defense:60; adv.hp:320
lion-helm,Lion Helm,helm,4,⛑️,adv.defense:120; adv.hp:640
purple-crown,Purple-gold Crown,helm,5,👑,adv.defense:240; adv.hp:1280
leather-armour,Leather Armour,armour,1,🥋,adv.defense:20; adv.hp:120; battle.defense:2
chain-mail,Chain Mail,armour,2,🥋,adv.defense:40; adv.hp:240; battle.defense:3
mountain-armour,Mountain-pattern Armour,armour,3,🛡️,adv.defense:80; adv.hp:480; battle.defense:4.5
bright-armour,Bright Light Armour,armour,4,🛡️,adv.defense:160; adv.hp:960; battle.defense:6.5
black-tortoise,Black Tortoise Plate,armour,5,🛡️,adv.defense:320; adv.hp:1920; battle.defense:10
cloth-boots,Cloth Boots,boots,1,🥾,adv.hp:100; adv.recovery:1
oxhide-boots,Oxhide Boots,boots,2,🥾,adv.hp:200; adv.recovery:1.5
tiger-boots,Tiger-head Boots,boots,3,🥾,adv.hp:400; adv.recovery:2
war-boots,War Boots,boots,4,🥾,adv.hp:800; adv.recovery:2.5
cloud-boots,Cloud-treading Boots,boots,5,🥾,adv.hp:1600; adv.recovery:3
safety-talisman,Safety Talisman,charm,1,🧧,adv.recovery:2; battle.attack:1; battle.defense:1
jade-pendant,Jade Pendant,charm,2,📿,adv.recovery:3; battle.attack:1.5; battle.defense:1.5
tiger-tally,Tiger Tally,charm,3,🐯,adv.recovery:4; battle.attack:2; battle.defense:2
heart-mirror,Heart-guarding Mirror,charm,4,🪞,adv.recovery:5; battle.attack:3; battle.defense:3
sarira,Sarira,charm,5,💠,adv.recovery:6; battle.attack:4; battle.defense:4
