# Rarities by colour (§10.3), commonest first: white, green, blue, gold, purple (purple is the rarest).
# mult: on the base stats. attrs: six-attribute points of a regular piece of set order 1 (x the set's attrs
# factor; same colour, same total), spread at random when it drops. early / late: weight of the colour in
# realm 1 / realm 10 (in between: straight line). accessory: 0 = accessories never come in this colour.
id,name,order,mult,attrs,early,late,accessory
white,White,1,1,0,60,15,0
green,Green,2,1.15,4,28,30,1
blue,Blue,3,1.3,8,10,28,1
gold,Gold,4,1.5,14,2,18,1
purple,Purple,5,1.75,22,0,9,1
