# What each tech does per level, or once at a level when `atLevel` is set (a milestone, e.g. +1 fortress
# at level 5; design: docs/design/gameplay.md §8). GM rule starter-research.effects
# replaces a tech's rows. Building level gates are in techs.csv (`unlocks`).
#   kind     target                                  value
#   stat     a stat id (flat, e.g. heroes.cap)        added per level
#   percent  a stat id (e.g. resources.capacity)      % per level
#   output   a resource id                           % more of that resource per level
#   battle   attack|defense|hp|counter|casualty|loot|carry   % per level (casualty: negative = fewer losses);
#            `family` limits it to one unit family
#   time     construction|training|upkeep|research   % less per level
#   speed    march                                   % faster marching per level (`family`: one family only)
#   terrain  <terrain>.<resource>, e.g. river.food   % more of it in districts on that terrain, per level
# Stats other systems define for this: buildings.cap.<building> (levels above the regular cap),
# armies.cargo (supplies carried), armies.scouting (0-3), heroes.candidates, battle.promotionCost, realms.recovery (adventure recovery, % points),
# starter-defense.wallStrength (wall defence) and starter-defense.wallBreach (wall bonus points ignored).
tech,kind,target,value,family,atLevel
irrigation,output,food,3,
granaries,percent,resources.capacity,6,
granaries,percent,pvp.protected,6,
economics,percent,resources.productionFactor,4,
administration,stat,settlements.outer.tech,1,
artisans,time,construction,3,
military-farms,time,upkeep,3,
learning,percent,research.speed,5,
examinations,stat,heroes.cap,1,
paper-money,output,gold,10,
mutual-security,stat,heroes.governors,1,
frontier-towns,stat,settlements.limit.city,1,
circuits,stat,settlements.limit.city,1,
provinces,stat,settlements.limit.city,1,
golden-age,percent,resources.productionFactor,10,
golden-age,percent,resources.capacity,20,
art-of-war,battle,attack,2.5,
armour,battle,hp,2.5,
formations,battle,counter,3.33,
divine-bow,battle,attack,3,archer
foot-armour,battle,hp,3,infantry
mounted-archery,battle,attack,3,cavalry
supply-trains,battle,carry,8,
drill,time,training,4,
military-exams,stat,heroes.commanders,1,
military-exams,stat,heroes.defenders,1,
foraging,battle,loot,3,
surgeons,battle,casualty,-2.5,
duck-formation,battle,casualty,-6,infantry
firearms,battle,attack,7,archer
iron-cavalry,battle,attack,6,cavalry
iron-cavalry,battle,hp,6,cavalry
royal-army,battle,attack,5,
royal-army,battle,defense,5,
royal-army,battle,hp,5,
irrigation,terrain,river.food,3,
irrigation,terrain,pond.food,3,
post-roads,speed,march,3,
examinations,stat,heroes.candidates,1,
grain-canals,percent,armies.cargo,8,
paper-money,stat,buildings.cap.gold-mine,2,
works-of-heaven,stat,buildings.cap.farm,2,
works-of-heaven,stat,buildings.cap.lumber-mill,2,
works-of-heaven,stat,buildings.cap.quarry,2,
works-of-heaven,stat,buildings.cap.ironworks,2,
works-of-heaven,stat,buildings.cap.gold-mine,2,
fortification,percent,starter-defense.wallStrength,10,
mounted-archery,speed,march,2,cavalry
scouts,stat,armies.scouting,1,
gunpowder,percent,starter-defense.wallStrength,3,
firearms,stat,starter-defense.wallBreach,3,
royal-army,percent,battle.promotionCost,-10,
herbalism,stat,realms.recovery,2,
# Fortress limits (§7.1): ten milestones each on other techs, then +1 a level from one late tech.
agriculture,stat,settlements.limit.fortress-resource,1,,3
forestry,stat,settlements.limit.fortress-resource,1,,3
masonry,stat,settlements.limit.fortress-resource,1,,3
irrigation,stat,settlements.limit.fortress-resource,1,,5
irrigation,stat,settlements.limit.fortress-resource,1,,10
granaries,stat,settlements.limit.fortress-resource,1,,5
granaries,stat,settlements.limit.fortress-resource,1,,10
economics,stat,settlements.limit.fortress-resource,1,,5
economics,stat,settlements.limit.fortress-resource,1,,10
works-of-heaven,stat,settlements.limit.fortress-resource,1,,3
crown-estates,stat,settlements.limit.fortress-resource,1,
regiments,stat,settlements.limit.fortress-military,1,,3
archery,stat,settlements.limit.fortress-military,1,,3
horse-breeding,stat,settlements.limit.fortress-military,1,,3
art-of-war,stat,settlements.limit.fortress-military,1,,5
art-of-war,stat,settlements.limit.fortress-military,1,,10
armour,stat,settlements.limit.fortress-military,1,,10
formations,stat,settlements.limit.fortress-military,1,,5
fortification,stat,settlements.limit.fortress-military,1,,3
mutual-security,stat,settlements.limit.fortress-military,1,,3
drill,stat,settlements.limit.fortress-military,1,,10
military-commissioners,stat,settlements.limit.fortress-military,1,
agriculture,output,food,2,
forestry,output,wood,2,
masonry,output,stone,2,
metallurgy,output,metal,2,
mining,output,gold,2,
salt-iron,output,gold,3,
maritime-trade,output,gold,4,
rural-markets,terrain,road.gold,3,
rural-markets,terrain,river.gold,3,
pasture,terrain,grass.food,3,
forest-rules,terrain,forest.wood,3,
quarrying,terrain,hills.stone,3,
quarrying,terrain,mountains.stone,3,
mine-works,terrain,vein.metal,3,
mine-works,terrain,mountains.metal,3,
karez,terrain,desert.food,3,
wagon-corps,percent,starter-auxiliary.speed,3,
mohist-defense,percent,starter-siege.deviceStrength,5,
