# Tech planning tables by id (a tech names one in its `levels` column); later levels grow from the last row.
# Tiers (docs/design/gameplay.md §8.1): 1 opens buildings (minutes), 2 steady bonuses (half an hour and up),
# 3 new abilities (hours), 4 capstones (half a day). Civil techs lean on stone, wood and currency;
# military ones on metal.
id,level,stone,wood,food,metal,gold,seconds
gate,1,600,600,600,,300,300
gate,2,3000,3000,3000,,1500,3600
gate,3,12000,12000,12000,,6000,21600
administration,1,1500,1500,1500,,800,1800
administration,2,6000,6000,6000,,3000,14400
economics,1,800,800,800,,400,600
civil-2,1,2000,2000,2000,,1000,1800
civil-2,2,5000,5000,5000,,2500,5400
civil-2,3,12000,12000,12000,,6000,14400
civil-3,1,8000,8000,8000,2000,6000,10800
civil-3,2,20000,20000,20000,5000,15000,21600
civil-3,3,48000,48000,48000,12000,36000,43200
civil-4,1,30000,30000,30000,15000,20000,43200
civil-4,2,75000,75000,75000,36000,50000,86400
civil-4,3,180000,180000,180000,90000,120000,172800
arms-1,1,400,400,400,800,300,300
arms-1,2,1500,1500,1500,3000,1000,3600
arms-1,3,6000,6000,6000,12000,4000,14400
arms-2,1,1500,1500,1500,3000,1000,1800
arms-2,2,4000,4000,4000,8000,2500,5400
arms-2,3,10000,10000,10000,20000,6000,14400
arms-3,1,6000,6000,8000,12000,4000,10800
arms-3,2,15000,15000,20000,30000,10000,21600
arms-3,3,36000,36000,48000,72000,24000,43200
arms-4,1,25000,25000,30000,40000,20000,43200
arms-4,2,60000,60000,72000,96000,48000,86400
arms-4,3,144000,144000,172800,230000,115000,172800
