# Translations of this plugin's content and messages (i18n plugin: key = the English text; one column per locale).
key,zh-CN
"Barracks","兵营"
"production","产出"
"Expansion permit","外城许可"
"Breakthrough stone","突破石"
"Land grant","土地契"
"City charter","筑城诏书"
"Resource fortress charter","资源要塞许可"
"Military fortress charter","军事要塞许可"
"May raise how many resource fortresses you may found by one (the more already won the lower the chance).","有望增加一个资源要塞建设指标（已经加过的越多，成功率越低）。"
"May raise how many military fortresses you may found by one (the more already won the lower the chance).","有望增加一个军事要塞建设指标（已经加过的越多，成功率越低）。"
"Limit reached: {0}","{0}指标已达上限"
"Not limited: {0}","{0}没有数量限制"
"May raise how many cities you may found by one (the more already won the lower the chance; never past 20 in all).","有望增加一个分城建设指标（已经加过的越多，成功率越低；分城总数最多 20）。"
"May raise the outer-city quota of a settlement by one beyond the research limit (the more already won the lower the chance).","有望越过科技上限，为一座城池增加一个外城建设指标（已经加过的越多，成功率越低）。"
"May raise the level cap of the chosen building by one (the higher the cap the lower the chance).","有望将指定建筑的等级上限提高 1 级（现有上限越高，成功率越低）。"
"May add one building slot to an outer city (the more slots it has the lower the chance).","有望为一座外城增加一个建造栏位（栏位越多，成功率越低）。"
"{item} worked: {what}","{item}成功：{what}"
"{item} failed: {what} (pity {fails}/{pity})","{item}未能成功：{what}（保底 {fails}/{pity}）"
"Try","尝试"
"Only capitals and cities have outer cities","只有首都和分城有外城"
"No building there","那里没有建筑"
"Use an expansion permit","使用外城许可"
"Use a breakthrough stone","使用突破石"
"Building","建筑"
"Use a land grant","使用土地契"
"Outer city","外城"
"Outer city limit reached","外城数量已达上限"
"{0} (Lv {1})","{0}（{1} 级）"
"Granary voucher","常平仓粮券"
"Draw grain from the ever-normal granary: food for a settlement.","凭券向常平仓支取粮米：一座城池粮食 +5,000。"
"Imperial timber voucher","皇木券"
"Timber purchased for the court: wood for a settlement.","采办皇木，例由官给：一座城池木头 +5,000。"
"Quarry voucher","采石券"
"Stone cut from the hills for building: stone for a settlement.","开山取石，以供营造：一座城池石头 +5,000。"
"Iron tax voucher","铁课券"
"The year's iron tax from the mines: metal for a settlement.","坑冶之利，岁课铁若干斤：一座城池金属 +3,000。"
"Thousand-string note","千贯钱引"
"A note worth a thousand strings of cash: currency for a settlement.","钱引一张，可兑见钱千贯：一座城池货币 +3,000。"
"Works memo","营造札子"
"Works order","营造令"
"Directorate of Works decree","将作监令"
"The Ministry of Works urges haste: the construction finishing soonest here, 15 minutes sooner.","工部催办，限期完工：本城最早完工的建造提前 15 分钟。"
"The Ministry of Works urges haste: the construction finishing soonest here, 1 hour sooner.","工部催办，限期完工：本城最早完工的建造提前 1 小时。"
"The Ministry of Works urges haste: the construction finishing soonest here, 8 hours sooner.","工部催办，限期完工：本城最早完工的建造提前 8 小时。"
"Drill memo","练兵札子"
"Drill order","练兵令"
"Military Affairs decree","枢密院令"
"Nothing is training in that barracks","这座兵营没有在训练"
"A summons from the Bureau of Military Affairs: the training in the chosen barracks, 15 minutes sooner.","枢密院檄：速练新卒，所选兵营的训练提前 15 分钟。"
"A summons from the Bureau of Military Affairs: the training in the chosen barracks, 1 hour sooner.","枢密院檄：速练新卒，所选兵营的训练提前 1 小时。"
"A summons from the Bureau of Military Affairs: the training in the chosen barracks, 8 hours sooner.","枢密院檄：速练新卒，所选兵营的训练提前 8 小时。"
"Collation memo","勘书札子"
"Collation order","勘书令"
"Hanlin Academy decree","翰林院令"
"Hanlin scholars collate through the night: the research here, 15 minutes sooner.","翰林学士连夜校书：本城研究提前 15 分钟。"
"Hanlin scholars collate through the night: the research here, 1 hour sooner.","翰林学士连夜校书：本城研究提前 1 小时。"
"Hanlin scholars collate through the night: the research here, 8 hours sooner.","翰林学士连夜校书：本城研究提前 8 小时。"
"Harvest prayer","丰年祭文"
"Offerings to the gods of soil and grain: all production of a settlement +25% for 24 hours (another one adds 24 hours).","祭社稷，祈丰年：一座城池全部产出 +25%，持续 24 小时（再用一张顺延 24 小时）。"
"Golden wound salve","金疮药"
"The finest salve for wounds: an injured hero is healed at once.","金疮圣药，敷之立愈：重伤的英雄立即痊愈。"
"Scrap of a war manual","《武经》残卷"
"Torn pages, yet the essence of the art of war shows through: a hero gains 1,000 experience.","残编断简，犹见兵家精义：一名英雄经验 +1,000。"
"Complete Essentials of the Military Classics","《武经总要》"
"Compiled by imperial order, the sum of military learning: a hero gains 10,000 experience.","曾公亮、丁度奉敕撰，兵家之大全：一名英雄经验 +10,000。"
"Marrow-cleansing pill","洗髓丹"
"Cleanse the marrow, be reborn: every free point a hero has spent comes back to spend again.","伐毛洗髓，脱胎换骨：一名英雄已分配的自由点全部退回，可重新分配。"
"Scrap metal","破铜烂铁"
"Edict for Talent","招贤令"
"An imperial call for worthy men and women: your hero limit rises by one, for good.","诏求天下贤才：英雄数量上限永久 +1。"
"Use one {0}?","确定使用一个{0}？"
"Broken pots and rusty blades: melt them down for 300 metal in a settlement.","破锅烂刀，回炉可得金属 300（存入一座城池）。"
"Use: {0}","使用：{0}"
"Use","使用"
"Heal","治疗"
"Read","研读"
"Take","服用"
"Nothing to speed up here","这里没有可以加速的项目"
"Boosted until {0} UTC","增产持续到 {0}（UTC）"
"That hero is at the highest level","该英雄已满级"
"Land grants only work on outer cities","土地契只能用于外城"
"{0} · Lv {1} · {2}% · pity {3}","{0} · {1} 级 · 成功率 {2}% · 保底 {3}"
"{0} · Lv {1} · pity {2}","{0} · {1} 级 · 保底 {2}"
"Outer city {0} · {1} slots · {2}% · pity {3}","外城 {0} · {1} 个栏位 · 成功率 {2}% · 保底 {3}"
"Outer city {0} · {1} slots · pity {2}","外城 {0} · {1} 个栏位 · 保底 {2}"
"{0}: pity {1}/{2}","{0}：保底 {1}/{2}"
"Limit ({0}): {1} · {2}% · pity {3}/{4}","{0}指标 {1} · 成功率 {2}% · 保底 {3}/{4}"
"Limit ({0}): {1} · pity {2}/{3}","{0}指标 {1} · 保底 {2}/{3}"
"{0}: {1}% · pity {2}/{3}","{0}：成功率 {1}% · 保底 {2}/{3}"
"Break through","突破"
"Add slot","增加栏位"
"rule:starter-items.chances","""有望""类道具（突破石、外城许可、土地契）：成功率 = base × e^(−rate × (n − normal))（指数衰减），n 是目标已经高出常规的程度（建筑：高出常规上限的级数；城池：已用许可加的外城指标；外城：栏位数）；连续失败 pity 次后下一次必定成功。按道具部分覆盖。成功率只有 GM 看得到。"
"rule:starter-items.pity","days：同一目标的失败次数在最后一次尝试后这么多天作废（保底计数清零）。"
"rule:starter-items.boost","hours：增产（丰年祭文）持续的小时数；再用一张顺延同样时长。"
"plugin:starter-items","道具内容"
