id,name,icon,description
expansion-permit,Expansion permit,📜,Build one outer city beyond the research limit.
breakthrough-stone,Breakthrough stone,💎,Raise one building's level cap by 1-3 (random).
land-grant,Land grant,🗺️,One more building slot in an outer city.
grain-voucher,Granary voucher,🌾,Draw grain from the ever-normal granary: food for a settlement.
timber-voucher,Imperial timber voucher,🪵,Timber purchased for the court: wood for a settlement.
stone-voucher,Quarry voucher,🪨,Stone cut from the hills for building: stone for a settlement.
iron-voucher,Iron tax voucher,⛓️,The year's iron tax from the mines: metal for a settlement.
coin-voucher,Thousand-string note,🪙,A note worth a thousand strings of cash: currency for a settlement.
build-order-s,Works memo,📃,"The Ministry of Works urges haste: the construction finishing soonest here, 15 minutes sooner."
build-order-m,Works order,📜,"The Ministry of Works urges haste: the construction finishing soonest here, 1 hour sooner."
build-order-l,Directorate of Works decree,🏯,"The Ministry of Works urges haste: the construction finishing soonest here, 8 hours sooner."
drill-order-s,Drill memo,📃,"A summons from the Bureau of Military Affairs: the training here, 15 minutes sooner."
drill-order-m,Drill order,📜,"A summons from the Bureau of Military Affairs: the training here, 1 hour sooner."
drill-order-l,Military Affairs decree,🏯,"A summons from the Bureau of Military Affairs: the training here, 8 hours sooner."
study-order-s,Collation memo,📃,"Hanlin scholars collate through the night: the research here, 15 minutes sooner."
study-order-m,Collation order,📜,"Hanlin scholars collate through the night: the research here, 1 hour sooner."
study-order-l,Hanlin Academy decree,🏯,"Hanlin scholars collate through the night: the research here, 8 hours sooner."
harvest-rite,Harvest prayer,🎋,"Offerings to the gods of soil and grain: all production of a settlement +25% for 24 hours (another one adds 24 hours)."
golden-salve,Golden wound salve,🩹,The finest salve for wounds: an injured hero is healed at once.
manual-scrap,Scrap of a war manual,📖,"Torn pages, yet the essence of the art of war shows through: a hero gains 1,000 experience."
war-manual,Complete Essentials of the Military Classics,📚,"Compiled by imperial order, the sum of military learning: a hero gains 10,000 experience."
marrow-pill,Marrow-cleansing pill,💊,"Cleanse the marrow, be reborn: every free point a hero has spent comes back to spend again."
scrap-metal,Scrap metal,🔩,"Broken pots and rusty blades: melt them down for 300 metal in a settlement."
