# NPC camp rules. GM-tunable; these are the defaults.
key,value,note
population.npc-outpost,6144,"camps of each kind the world keeps (a background task tops up missing ones, 5 a minute); 0 = off. 1024 x 1024 map = 4096 blocks of 16 x 16, 3 camps each = 12288, half of each kind"
population.npc-fortress,6144,
density.blockSize,16,"a new world is seeded block by block (npc-camps.populate, run by pnpm map:import): blocks of this many tiles a side..."
density.perBlock,3,"...each gets about this many camps..."
density.spread,1,"...give or take this many at random (3 +- 1: 2, 3 or 4, 3 on average)..."
density.fortressShare,0.5,"...each a military fortress with this chance, else a resource outpost"
spawn.1,20,"weight of each level when camps are spawned at random (more low-level camps)"
spawn.2,18,
spawn.3,15,
spawn.4,12,
spawn.5,10,
spawn.6,8,
spawn.7,6,
spawn.8,5,
spawn.9,3,
spawn.10,2,
lootValue.base,1,"what a won raid brings from the camps' loot pool, at least: base..."
lootValue.perLevel,0.2,"...plus this per camp level above 1 (nothing while the pool is empty)"
