# Given names of male heroes (tavern, academy).
# key: unique within this file; en / zh: how it is written in each language.
key,en,zh
Wuji,Wuji,无忌
Zilong,Zilong,子龙
Yunchang,Yunchang,云长
Mengde,Mengde,孟德
Bowen,Bowen,伯温
Wenruo,Wenruo,文若
Zijing,Zijing,子敬
Shiyuan,Shiyuan,士元
Kongming,Kongming,孔明
Zhongmou,Zhongmou,仲谋
Hanshan,Hanshan,寒山
Qingyun,Qingyun,青云
Changfeng,Changfeng,长风
Jingyu,Jingyu,景瑜
Shouren,Shouren,守仁
Jiaxuan,Jiaxuan,稼轩
Dongpo,Dongpo,东坡
Yongshu,Yongshu,永叔
Jiefu,Jiefu,介甫
Pengju,Pengju,鹏举
Xiliang,Xiliang,希亮
Zhixin,Zhixin,知新
Wenzheng,Wenzheng,文正
Tianyou,Tianyou,天佑
Chengen,Chengen,承恩
Mingyuan,Mingyuan,明远
Zhiyuan,Zhiyuan,致远
Haoran,Haoran,浩然
Jiangnan,Jiangnan,江南
Guangping,Guangping,广平
Shaoqing,Shaoqing,少卿
Tingjian,Tingjian,庭坚
Yuxi,Yuxi,玉溪
Anshi,Anshi,安石
Hong,Hong,宏
Jun,Jun,俊
Kai,Kai,恺
Rui,Rui,睿
Tao,Tao,韬
Yi,Yi,毅
Heng,Heng,衡
Qi,Qi,琦
Xun,Xun,勋
Chong,Chong,崇
Lin,Lin,麟
Shen,Shen,慎
Zhen,Zhen,震
Bin,Bin,彬
Chao,Chao,超
Feng,Feng,锋
