# Planning table (read by buildings.defineFromCsv): cost of reaching each level, and build seconds.
# Levels past the last row grow from it (x1.3 cost, x1.25 time; GM-tunable in buildings.rules).
id,level,stone,wood,food,metal,gold,seconds
farm,1,,60,40,,,10
farm,2,,100,70,,,25
farm,3,,170,120,,,60
farm,4,,280,200,,,150
farm,5,100,460,330,,,360
farm,6,200,750,540,,,900
farm,7,400,1200,880,,,2100
lumber-mill,1,40,60,,,,10
lumber-mill,2,70,100,,,,25
lumber-mill,3,120,170,,,,60
lumber-mill,4,200,280,,,,150
lumber-mill,5,100,460,,,,360
lumber-mill,6,200,750,,,,900
lumber-mill,7,400,1200,,,,2100
quarry,1,,60,40,,,10
quarry,2,,100,70,,,25
quarry,3,,170,120,,,60
quarry,4,,280,200,,,150
quarry,5,100,460,330,,,360
quarry,6,200,750,540,,,900
quarry,7,400,1200,880,,,2100
ironworks,1,40,60,,,,10
ironworks,2,70,100,,,,25
ironworks,3,120,170,,,,60
ironworks,4,200,280,,,,150
ironworks,5,100,460,,,,360
ironworks,6,200,750,,,,900
ironworks,7,400,1200,,,,2100
gold-mine,1,40,60,,,,10
gold-mine,2,70,100,,,,25
gold-mine,3,120,170,,,,60
gold-mine,4,200,280,,,,150
gold-mine,5,100,460,,,,360
gold-mine,6,200,750,,,,900
gold-mine,7,400,1200,,,,2100
warehouse,1,100,150,,,,20
warehouse,2,180,260,,,,50
warehouse,3,320,450,,,,120
warehouse,4,560,780,,,,300
warehouse,5,980,1350,,,,720
warehouse,6,1700,2300,,,,1700
warehouse,7,3000,4000,,,,4000
palace,1,300,300,300,,100,60
palace,2,800,800,800,,250,600
palace,3,2000,2000,2000,,600,3600
palace,4,5000,5000,5000,,1500,14400
palace,5,12000,12000,12000,,3500,43200
town-hall,1,300,300,300,,100,60
town-hall,2,800,800,800,,250,600
town-hall,3,2000,2000,2000,,600,3600
town-hall,4,5000,5000,5000,,1500,14400
town-hall,5,12000,12000,12000,,3500,43200
