# Translations of this extension (key = the English text; one column per locale).
key,en,zh-CN
"Otherworld","Otherworld","异世界"
"Mountain demon","Mountain demon","山魈"
"Fox spirit","Fox spirit","狐仙"
"White snake","White snake","白蛇"
"Scout it","Scout it","探查"
"Scouted: {name}","Scouted: {name}","探查：{name}"
"{0} {1} at ({2}, {3})","{0} {1} at ({2}, {3})","{0} {1}，位于 ({2}, {3})"
"It does not look friendly.","It does not look friendly.","看起来来者不善。"
"Nobody lives there","Nobody lives there","那里没有住着谁"
"plugin:otherworld","Example: a small grid world of its own, drawn by the generic grid widget","异世界（示例）"
"x and y must be whole numbers","x and y must be whole numbers","x 和 y 必须是整数"
